Order,Frequency,Vpc,Vs,Is,Ib1,Ib2,Vline
        1,0,5.6002e-007,2.46412e-008,3.26408e-007,2.95692e-007,3.01587e-008,5.35379e-007
        2,133.422,4.24103e-005,6.76418e-005,2.53995e-005,7.49035e-006,1.88399e-005,2.53223e-005
        3,266.845,0.000271725,0.000449292,0.00018171,5.41432e-005,0.000137845,0.000181257
        4,400.267,96.6392,162.632,68.0166,20.3472,52.0209,67.9179
        5,533.689,0.000542737,0.000888541,0.00035504,0.000103577,0.000267368,0.000353317
        6,667.111,0.000201286,0.000288528,9.04457e-005,2.28513e-005,6.7915e-005,8.72453e-005
        7,800.534,0.000162397,0.000160762,4.0297e-005,2.84154e-005,6.86926e-005,3.32683e-005
        8,933.956,0.000255746,0.000110137,0.000165332,0.000101391,0.000226143,0.000164321
        9,1067.38,0.000961176,8.37776e-005,0.000884868,0.000516919,0.00113139,0.000894121
       10,1200.8,29.2658,6.60835e-005,28.8889,16.8693,36.7067,29.2658
       11,1334.22,0.00120921,5.71076e-005,0.00115095,0.000655958,0.00144172,0.00116336
       12,1467.65,0.000345963,4.94571e-005,0.000303177,0.000144177,0.000338997,0.000303659
       13,1601.07,0.000185816,4.36802e-005,0.000147291,4.79036e-005,9.94289e-005,0.00014341
       14,1734.49,0.000190795,3.92128e-005,0.000153783,0.000189246,0.00026123,0.000155893
       15,1867.91,0.000673619,3.56041e-005,0.000617106,0.000986677,0.00147291,0.0006535
       16,2001.33,7.3565,3.29855e-005,6.90764,11.2534,17.0157,7.35648
       17,2134.76,0.000787369,3.01487e-005,0.000726137,0.00117908,0.00177171,0.00077155
       18,2268.18,0.000188069,2.80318e-005,0.000160427,0.000259797,0.000384368,0.000169477
       19,2401.6,6.63414e-005,2.62421e-005,3.378e-005,5.58713e-005,7.67506e-005,4.01113e-005
       20,2535.02,0.000144666,2.46141e-005,0.000127096,0.000167127,0.000268626,0.000143092
       21,2668.45,0.000796587,2.32129e-005,0.0007286,0.000976443,0.00155339,0.000799969
       22,2801.87,4.7117,2.38341e-005,4.30598,5.71467,9.13032,4.71171
       23,2935.29,0.000916825,2.08561e-005,0.000839956,0.00115491,0.00181209,0.000920452
       24,3068.71,0.00014134,1.98545e-005,0.000132373,0.000247399,0.000333963,0.000147452
       25,3202.13,9.82508e-005,1.89897e-005,8.56381e-005,5.26006e-005,6.85046e-005,0.00010613
       26,3335.56,0.000428237,1.81237e-005,0.000373697,0.000148935,0.000521709,0.000432045
       27,3468.98,0.00200964,1.73702e-005,0.00175202,0.00086904,0.00259788,0.00201293
       28,3602.4,6.88491,1.74e-005,5.99475,3.08937,8.99228,6.88491
       29,3735.82,0.00233229,1.60421e-005,0.0020351,0.00101033,0.00301614,0.00233534
       30,3869.25,0.000521019,1.54529e-005,0.000460014,0.000181599,0.0006357,0.000524387
       31,4002.67,0.000135541,1.48916e-005,0.000131589,4.1849e-005,9.87305e-005,0.000141982
       32,4136.09,0.00017983,1.43989e-005,0.000149267,0.000297244,0.000419222,0.000184451
       33,4269.51,0.00123839,1.39247e-005,0.00102132,0.00146786,0.00241401,0.00124014
       34,4402.94,3.00515,1.19799e-005,2.48222,3.41765,5.73691,3.00515
       35,4536.36,0.00147256,1.30673e-005,0.00121649,0.00169991,0.00283333,0.00147409
       36,4669.78,0.000278662,1.26783e-005,0.000231927,0.00033141,0.000546518,0.000281011
       37,4803.2,3.07523e-005,1.22629e-005,2.35692e-005,4.16281e-005,6.36976e-005,4.27061e-005
       38,4936.62,0.00030922,1.19664e-005,0.000239909,0.000360125,0.000577286,0.000311118
       39,5070.05,0.0015947,1.16395e-005,0.00124182,0.00184524,0.00296444,0.00159587
       40,5203.47,2.70112,1.0007e-005,2.10053,3.10006,4.98855,2.70112
       41,5336.89,0.00184787,1.10383e-005,0.00144382,0.00217116,0.00347549,0.00184898
       42,5470.31,0.000306932,1.07618e-005,0.000251606,0.000439573,0.000675371,0.000308922
       43,5603.74,0.000116702,1.04894e-005,8.5455e-005,4.9669e-005,7.8865e-005,0.000120583
       44,5737.16,0.000632267,1.02479e-005,0.000452255,0.00031283,0.000682156,0.000633356
       45,5870.58,0.00296432,1.00097e-005,0.00213404,0.00173079,0.00349241,0.00296512
       46,6004,3.70321,1.07605e-005,2.66836,2.22,4.42847,3.70321
       47,6137.42,0.00351228,9.56435e-006,0.00253094,0.00206514,0.00415435,0.00351304
       48,6270.85,0.000752469,9.35601e-006,0.000543514,0.000399547,0.000840901,0.000753361
       49,6404.27,0.00016657,9.20154e-006,0.000124365,4.01033e-005,0.000103955,0.000168811
       50,6537.69,0.00030172,8.96687e-006,0.000208054,0.000374239,0.000569317,0.000303144
       51,6671.11,0.0019549,8.78567e-006,0.00136515,0.0019396,0.00317496,0.00195562
       52,6804.54,2.00769,1.04386e-005,1.4028,1.93607,3.20044,2.00769
       53,6937.96,0.00237697,8.44262e-006,0.00166381,0.00232253,0.00382384,0.0023776
       54,7071.38,0.000419894,8.2791e-006,0.000299478,0.000431335,0.000701881,0.000420243
       55,7204.8,6.01975e-005,8.15452e-006,2.15933e-005,2.30198e-005,4.13709e-005,5.57177e-005
       56,7338.23,0.000565179,7.97337e-006,0.000357574,0.00049428,0.000816045,0.000563752
       57,7471.65,0.00274242,7.82897e-006,0.00175969,0.00247277,0.00404998,0.00274125
       58,7605.07,2.18275,7.96859e-006,1.40181,1.97628,3.2292,2.18275
       59,7738.49,0.00331327,7.55605e-006,0.00213198,0.00300115,0.00491875,0.0033121
       60,7871.91,0.000636751,7.42629e-006,0.000416941,0.000581478,0.000972509,0.000634785
       61,8005.34,0.000149932,7.2724e-006,9.39782e-005,4.32367e-005,0.000106881,0.000142699
       62,8138.76,0.000702232,7.17981e-006,0.000410137,0.000497148,0.000730549,0.000699781
       63,8272.18,0.00340454,7.06079e-006,0.00201974,0.00258757,0.00390048,0.00340283
       64,8405.6,2.2293,5.18681e-006,1.32604,1.71318,2.59235,2.2293
       65,8539.03,0.004198,6.83775e-006,0.00249388,0.00319809,0.00482903,0.00419637
       66,8672.45,0.000858415,6.73435e-006,0.00050743,0.000619755,0.000927176,0.000856237
       67,8805.87,0.000201201,6.58664e-006,0.000109774,4.89505e-005,8.88161e-005,0.000195456
       68,8939.29,0.000574497,6.5324e-006,0.000325659,0.0004885,0.000789747,0.000572123
       69,9072.72,0.00301483,6.43474e-006,0.00173721,0.00257341,0.00407953,0.00301351
       70,9206.14,1.68674,5.62912e-006,0.972769,1.4347,2.26929,1.68674
       71,9339.56,0.00376849,6.2495e-006,0.00217685,0.00322157,0.005098,0.00376727
       72,9472.98,0.000678479,6.16308e-006,0.00039868,0.000600061,0.000949988,0.000676921
       73,9606.4,8.48203e-005,6.08404e-006,3.88971e-005,1.90751e-005,5.69748e-005,8.05487e-005
       74,9739.83,0.000808706,5.99481e-006,0.000426718,0.000592946,0.000941119,0.000808794
       75,9873.25,0.00389863,5.91603e-006,0.00208522,0.00298107,0.00469912,0.00389892
       76,10006.7,1.82445,7.269e-006,0.977198,1.40804,2.21289,1.82445
       77,10140.1,0.00494091,5.76089e-006,0.00264795,0.00377453,0.0059655,0.00494123
       78,10273.5,0.000992935,5.68351e-006,0.000536359,0.000708432,0.00116836,0.000993514
       79,10406.9,0.00018034,5.65871e-006,0.000105439,2.91406e-005,0.000128461,0.000183772
       80,10540.4,0.000609461,5.53983e-006,0.000301354,0.000653218,0.000790461,0.000611411
       81,10673.8,0.00331822,5.4735e-006,0.00166883,0.00330054,0.00426761,0.00331951
       82,10807.2,1.37139,7.06305e-006,0.69107,1.34631,1.75899,1.37139
       83,10940.6,0.00429211,5.34144e-006,0.00216288,0.00425199,0.00551551,0.00429337
       84,11074,0.00078277,5.27312e-006,0.000395564,0.000810856,0.0010084,0.000784654
       85,11207.5,0.000195795,5.22776e-006,8.50036e-005,5.75018e-005,4.20395e-005,0.000200725
       86,11340.9,0.000938578,5.14806e-006,0.000443591,0.000634734,0.00101133,0.000939935
       87,11474.3,0.00441795,5.08691e-006,0.00211044,0.00329177,0.00499449,0.00441884
       88,11607.7,1.55993,4.85066e-006,0.745801,1.17735,1.7733,1.55993
       89,11741.2,0.00573897,4.97129e-006,0.00274617,0.00431304,0.00652031,0.00573981
       90,11874.6,0.00108965,4.91679e-006,0.000526034,0.000807397,0.00124245,0.00109079
       91,12008,0.000142411,4.82313e-006,7.11807e-005,4.32494e-005,0.000111839,0.00014703
       92,12141.4,0.000921413,4.80829e-006,0.000414944,0.000687714,0.000965453,0.000922121
       93,12274.8,0.00460267,4.7518e-006,0.00209825,0.00349154,0.00497363,0.00460301
       94,12408.3,1.44005,2.85794e-006,0.657536,1.09876,1.56654,1.44005
       95,12541.7,0.00613717,4.64927e-006,0.00280183,0.00463426,0.00662394,0.00613748
       96,12675.1,0.00122549,4.60678e-006,0.000560857,0.00085529,0.00125407,0.00122587
       97,12808.5,0.00021771,4.52297e-006,0.000104384,1.96421e-005,0.000118879,0.000218666
       98,12942,0.000592382,4.51367e-006,0.000256702,0.000776552,0.000958536,0.000592545
       99,13075.4,0.00346159,4.46732e-006,0.0015172,0.00387805,0.00493677,0.00346158
      100,13208.8,0.991632,4.4076e-006,0.434648,1.08212,1.38505,0.991631
      101,13342.2,0.00468795,4.37829e-006,0.00205999,0.00522766,0.00666273,0.00468793
      102,13475.7,0.000752172,4.33729e-006,0.00033943,0.000977526,0.00121231,0.00075208
      103,13609.1,0.000193069,4.31671e-006,6.48894e-005,6.04525e-005,3.71801e-005,0.000192493
      104,13742.5,0.00125536,4.2558e-006,0.00050322,0.000784702,0.00114552,0.00125516
      105,13875.9,0.00569503,4.22057e-006,0.00231023,0.00398639,0.00562924,0.00569487
      106,14009.3,1.40064,5.87744e-006,0.569071,0.99869,1.4023,1.40064
      107,14142.8,0.00774747,4.14443e-006,0.00314737,0.00547045,0.00771068,0.00774732
      108,14276.2,0.00151739,4.09934e-006,0.00061757,0.00101981,0.0014699,0.00151711
      109,14409.6,0.00023913,4.1083e-006,9.90087e-005,6.8112e-005,0.000153887,0.000237434
      110,14543,0.000872638,4.02462e-006,0.0003435,0.000796109,0.000987652,0.000871887
      111,14676.5,0.00472889,3.99223e-006,0.00187703,0.0040498,0.00519818,0.00472845
      112,14809.9,1.07705,5.34936e-006,0.427859,0.915604,1.18113,1.07705
      113,14943.3,0.00664527,3.92401e-006,0.00264036,0.00564348,0.00726393,0.00664485
      114,15076.7,0.00125132,3.8835e-006,0.00049891,0.00103415,0.00131843,0.00125062
      115,15210.1,0.00021042,3.85188e-006,8.15091e-005,4.16997e-005,6.76779e-005,0.000207081
      116,15343.6,0.000935279,3.81438e-006,0.000350827,0.000877807,0.00117423,0.000934138
      117,15477,0.00469066,3.77768e-006,0.00178021,0.00437429,0.00577979,0.00468993
      118,15610.4,0.963052,3.11382e-006,0.365704,0.894431,1.17936,0.96305
      119,15743.8,0.00661887,3.71234e-006,0.00251741,0.00618562,0.00816641,0.00661817
      120,15877.3,0.00116337,3.68678e-006,0.000449226,0.00113629,0.00151163,0.00116231
      121,16010.7,0.000237703,3.61138e-006,8.00548e-005,6.15375e-005,0.000119908,0.000234426
      122,16144.1,0.00135975,3.62605e-006,0.000474237,0.000920053,0.00117511,0.00135903
      123,16277.5,0.00626275,3.59005e-006,0.00221596,0.00460112,0.00590755,0.00626228
      124,16410.9,1.15126,1.94829e-006,0.408218,0.85798,1.10184,1.15126
      125,16544.4,0.00896807,3.52911e-006,0.00317825,0.00661999,0.00851037,0.00896763
      126,16677.8,0.00175102,3.51205e-006,0.000620275,0.00122113,0.00158535,0.00175051
      127,16811.2,0.000305345,3.46126e-006,0.000107976,8.79228e-005,0.000156243,0.000304103
      128,16944.6,0.000866964,3.46051e-006,0.000300233,0.000917673,0.00111521,0.000866767
      129,17078.1,0.00487227,3.4355e-006,0.0016962,0.00463724,0.00571586,0.00487227
      130,17211.5,0.848186,4.01765e-006,0.295246,0.793626,0.981186,0.848188
      131,17344.9,0.00717772,3.38456e-006,0.00250159,0.00678627,0.00836648,0.00717775
      132,17478.3,0.00122835,3.35874e-006,0.000433285,0.00123726,0.00149511,0.00122851
      133,17611.7,0.000131267,3.36726e-006,3.96235e-005,7.42494e-005,3.46277e-005,0.000134089
      134,17745.2,0.0013704,3.31178e-006,0.000449851,0.000971138,0.0013259,0.00137101
      135,17878.6,0.00637116,3.29643e-006,0.00211064,0.0048441,0.00644365,0.00637164
      136,18012,0.989641,5.07108e-006,0.328172,0.761695,1.00818,0.989642
      137,18145.4,0.00941924,3.25488e-006,0.00312451,0.00719651,0.00956216,0.00941972
      138,18278.9,0.00178763,3.21841e-006,0.000595523,0.00130388,0.00177801,0.00178833
      139,18412.3,0.000341129,3.23542e-006,0.000113194,7.05714e-005,0.000183756,0.000343796
      140,18545.7,0.00118126,3.17134e-006,0.000368294,0.00103504,0.0011774,0.00118235
      141,18679.1,0.00590868,3.15231e-006,0.00187172,0.00512732,0.00606578,0.00590935
      142,18812.5,0.858624,4.19489e-006,0.272507,0.743867,0.885184,0.858623
      143,18946,0.0089527,3.11133e-006,0.00284099,0.00774348,0.00919129,0.00895333
      144,19079.4,0.00166359,3.08351e-006,0.000528931,0.00140916,0.00165215,0.00166446
      145,19212.8,0.000297924,3.04955e-006,9.04598e-005,0.000102857,0.000110963,0.000300666
      146,19346.2,0.00119245,3.03827e-006,0.000358796,0.00104229,0.0013201,0.00119321
      147,19479.7,0.00589423,3.0095e-006,0.00179553,0.0052119,0.00648707,0.00589464
      148,19613.1,0.795966,1.92078e-006,0.242715,0.701992,0.871887,0.795968
      149,19746.5,0.00902576,2.9639e-006,0.00275401,0.00801067,0.00994997,0.00902614
      150,19879.9,0.0015495,2.957e-006,0.000476484,0.00145021,0.0017956,0.00155
      151,20013.3,0.00013065,2.8921e-006,3.39076e-005,0.000106584,0.000132322,0.000133116
      152,20146.8,0.00161027,2.91924e-006,0.000470499,0.00106678,0.00136991,0.00161037
      153,20280.2,0.00746133,2.89263e-006,0.00219728,0.00531861,0.00675983,0.00746135
      154,20413.6,0.921369,1.83102e-006,0.27164,0.666358,0.844854,0.92137
      155,20547,0.0116137,2.85009e-006,0.00342317,0.00830696,0.0105602,0.0116137
      156,20680.5,0.00224216,2.84687e-006,0.000660969,0.00148954,0.00193277,0.00224213
      157,20813.9,0.000442539,2.82077e-006,0.000131698,9.32509e-005,0.000202311,0.000442166
      158,20947.3,0.000912096,2.81647e-006,0.000262458,0.00113255,0.0012666,0.000911627
      159,21080.7,0.00531218,2.80481e-006,0.00153838,0.00558469,0.00645301,0.00531188
      160,21214.1,0.635805,3.87194e-006,0.184088,0.651829,0.757304,0.635803
      161,21347.6,0.00853266,2.77526e-006,0.00247423,0.00886233,0.010264,0.00853236
      162,21481,0.00141554,2.75164e-006,0.00041646,0.00159031,0.00180549,0.00141507
      163,21614.4,0.000222445,2.77628e-006,5.1313e-005,0.000116572,6.81544e-005,0.000220164
      164,21747.8,0.00165102,2.72129e-006,0.000442296,0.00115962,0.00148727,0.00165058
      165,21881.3,0.00746473,2.71734e-006,0.00202576,0.00573978,0.00717204,0.00746443
      166,22014.7,0.804812,4.47177e-006,0.218769,0.627133,0.780234,0.804811
      167,22148.1,0.0119394,2.69587e-006,0.00324532,0.00926837,0.0115558,0.0119391
      168,22281.5,0.00217035,2.6594e-006,0.000591238,0.00166157,0.00209737,0.00216992
      169,22414.9,0.000304733,2.67303e-006,8.26066e-005,0.000135664,0.000217614,0.00030256
      170,22548.4,0.00153026,2.62494e-006,0.000404056,0.00116765,0.00136129,0.0015297
      171,22681.8,0.00747305,2.61029e-006,0.00198672,0.00580035,0.00688332,0.00747272
      172,22815.2,0.762953,3.29022e-006,0.203019,0.595046,0.707904,0.762955
      173,22948.6,0.0122966,2.5816e-006,0.00327145,0.00952634,0.0113268,0.0122963
      174,23082.1,0.0023086,2.56402e-006,0.000614186,0.00169309,0.00201173,0.00230817
      175,23215.5,0.000452144,2.52377e-006,0.000120521,0.000125684,0.00016764,0.000450775
      176,23348.9,0.00112019,2.53124e-006,0.00029149,0.00121951,0.00145217,0.00111949
      177,23482.3,0.00598662,2.50405e-006,0.00156541,0.006002,0.00713257,0.00598625
      178,23615.7,0.586569,1.0234e-006,0.153326,0.578423,0.687408,0.586569
      179,23749.2,0.0100409,2.46507e-006,0.0026285,0.0100159,0.0118969,0.0100405
      180,23882.6,0.00163739,2.47471e-006,0.000434721,0.00177388,0.00209735,0.00163692
      181,24016,0.000220144,2.42065e-006,4.36227e-005,0.000134403,0.000151411,0.000218478
      182,24149.4,0.00190466,2.45101e-006,0.000464471,0.00126383,0.00154941,0.00190451
      183,24282.9,0.00850296,2.43108e-006,0.00209902,0.00620647,0.00753408,0.00850288
      184,24416.3,0.759324,2.05375e-006,0.187764,0.56357,0.682647,0.759323
      185,24549.7,0.0143116,2.399e-006,0.00353828,0.0105342,0.0127832,0.0143115
      186,24683.1,0.00266302,2.4023e-006,0.000659146,0.00186636,0.0022953,0.002663
      187,24816.5,0.000453713,2.39687e-006,0.000114668,0.000161255,0.000255653,0.000454075
      188,24950,0.00125716,2.38447e-006,0.000303056,0.00127064,0.00141383,0.00125759
      189,25083.4,0.00682084,2.38368e-006,0.00165337,0.00627349,0.00715213,0.00682114
      190,25216.8,0.593767,3.77725e-006,0.143977,0.538602,0.616643,0.593768
      191,25350.2,0.0118882,2.37074e-006,0.00288398,0.0108354,0.0123753,0.0118886
      192,25483.7,0.00205341,2.34084e-006,0.000500553,0.00190822,0.00214425,0.00205388
      193,25617.1,0.000325346,2.37272e-006,7.80755e-005,0.000161958,0.000122119,0.000327668
      194,25750.5,0.00171294,2.31857e-006,0.000399141,0.00130263,0.00162941,0.00171361
      195,25883.9,0.00792224,2.32104e-006,0.00185962,0.00640212,0.00781766,0.0079227
      196,26017.3,0.638199,3.9508e-006,0.149931,0.520055,0.632472,0.638201
      197,26150.8,0.0138256,2.31301e-006,0.00324848,0.0112404,0.0136969,0.0138261
      198,26284.2,0.00244976,2.27409e-006,0.000576751,0.00196728,0.00242684,0.00245036
      199,26417.6,0.000424393,2.2784e-006,9.49188e-005,0.000160076,0.000254585,0.000426522
      200,26551,0.00177964,2.24546e-006,0.000401322,0.00135407,0.00153715,0.00178023
      201,26684.5,0.00835694,2.22979e-006,0.00190599,0.00661527,0.00764472,0.00835727
      202,26817.9,0.638439,2.52024e-006,0.145808,0.509141,0.589767,0.638438
      203,26951.3,0.0148964,2.20419e-006,0.00340201,0.0118088,0.0136748,0.0148967
      204,27084.7,0.00272498,2.1995e-006,0.0006236,0.00206551,0.0023944,0.00272537
      205,27218.1,0.000488882,2.15396e-006,0.000113981,0.00018525,0.000234998,0.000489897
      206,27351.6,0.00129329,2.17485e-006,0.000282992,0.0013702,0.00157181,0.00129359
      207,27485,0.00689329,2.14713e-006,0.00152547,0.00671834,0.00772118,0.00689339
      208,27618.4,0.512669,4.07793e-007,0.113538,0.49147,0.56538,0.512669
      209,27751.8,0.0125926,2.108e-006,0.0027907,0.0122047,0.0140221,0.0125927
      210,27885.3,0.00202049,2.13343e-006,0.000451473,0.00212735,0.0024179,0.00202056
      211,28018.7,0.000130002,2.09258e-006,2.15418e-005,0.000198215,0.000180674,0.000129421
      212,28152.1,0.00215041,2.12012e-006,0.000457625,0.00138579,0.00171113,0.00215025
      213,28285.5,0.00956087,2.10739e-006,0.0020488,0.006795,0.00822458,0.00956075
      214,28418.9,0.653934,2.33486e-006,0.140284,0.473117,0.570527,0.653936
      215,28552.4,0.0175103,2.08463e-006,0.00375529,0.0125552,0.0151742,0.0175102
      216,28685.8,0.00321411,2.08681e-006,0.00068857,0.00217338,0.00266909,0.0032139
      217,28819.2,0.000639908,2.09822e-006,0.000135487,0.000193677,0.000314193,0.000639111
      218,28952.6,0.0013617,2.07672e-006,0.000288655,0.00143298,0.00155659,0.00136111
      219,29086.1,0.00734561,2.08549e-006,0.00156458,0.0069795,0.00781051,0.00734526
      220,29219.5,0.494496,3.66564e-006,0.105318,0.462744,0.520299,0.494495
      221,29352.9,0.0139536,2.08865e-006,0.00297397,0.0131104,0.0147125,0.0139533
      222,29486.3,0.00237575,2.04631e-006,0.000509878,0.00226346,0.00251039,0.00237529
      223,29619.7,0.000361396,2.07825e-006,7.7403e-005,0.000210732,0.000189948,0.000359435
      224,29753.2,0.00180529,2.02708e-006,0.000363138,0.00146159,0.00175181,0.0018048
      225,29886.6,0.00836736,2.0317e-006,0.00170207,0.00712115,0.00838159,0.00836705
      226,30020,0.527138,3.45818e-006,0.107365,0.450639,0.528944,0.527136
      227,30153.4,0.015888,2.03202e-006,0.00323673,0.0136101,0.0159878,0.0158876
      228,30286.9,0.00267102,1.99251e-006,0.000546281,0.00234501,0.00276498,0.00267062
      229,30420.3,0.000320267,1.98491e-006,6.36635e-005,0.000232805,0.000294458,0.000318326
      230,30553.7,0.00216656,1.96658e-006,0.000426512,0.00146938,0.00170195,0.00216625
      231,30687.1,0.00987485,1.94644e-006,0.00195828,0.0071786,0.00834101,0.00987469
      232,30820.5,0.589592,1.83636e-006,0.117052,0.434439,0.504842,0.589594
      233,30954,0.0191079,1.91627e-006,0.00379247,0.013961,0.0162326,0.0191078
      234,31087.4,0.00348012,1.92953e-006,0.000690164,0.0023907,0.00279594,0.00347992
      235,31220.8,0.000721847,1.88221e-006,0.000143062,0.000232765,0.000310768,0.000721382
      236,31354.2,0.0012298,1.91176e-006,0.000242869,0.0015045,0.00168044,0.00122955
      237,31487.7,0.00706186,1.884e-006,0.00139424,0.00731426,0.00825686,0.00706178
      238,31621.1,0.419764,5.43006e-007,0.0828103,0.423424,0.479011,0.419765
      239,31754.5,0.0141683,1.84199e-006,0.00279818,0.0144639,0.0163414,0.0141682
      240,31887.9,0.00221934,1.88085e-006,0.000443113,0.0024654,0.00275827,0.00221928
      241,32021.3,0.000122835,1.85536e-006,1.76214e-005,0.000240585,0.000223203,0.000123422
      242,32154.8,0.00226791,1.8761e-006,0.000425908,0.00154232,0.0018527,0.00226804
      243,32288.2,0.00996732,1.87221e-006,0.00188773,0.00747722,0.00882658,0.00996741
      244,32421.6,0.543657,2.57534e-006,0.103079,0.414623,0.487884,0.543655
      245,32555,0.0198342,1.86176e-006,0.00376075,0.0150406,0.0177266,0.0198342
      246,32688.5,0.00348854,1.85386e-006,0.0006627,0.00255898,0.00305014,0.00348872
      247,32821.9,0.000604134,1.87746e-006,0.000116346,0.000265851,0.000376051,0.000605075
      248,32955.3,0.00177349,1.8479e-006,0.000325918,0.00155131,0.00169393,0.00177402
      249,33088.7,0.00888043,1.86449e-006,0.00164568,0.00754411,0.00842387,0.00888076
      250,33222.1,0.474526,3.51343e-006,0.0880172,0.40157,0.450015,0.474527
      251,33355.6,0.0182712,1.88419e-006,0.00338922,0.015445,0.0172848,0.0182716
      252,33489,0.00315386,1.82591e-006,0.000585996,0.00261519,0.00290195,0.00315429
      253,33622.4,0.000598911,1.85212e-006,0.000111314,0.000274406,0.000269585,0.000600362
      254,33755.8,0.0018213,1.80638e-006,0.000327754,0.00157222,0.00185477,0.00182191
      255,33889.3,0.00867607,1.80902e-006,0.00157249,0.007631,0.00886729,0.00867645
      256,34022.7,0.444014,2.97437e-006,0.0805345,0.39013,0.452331,0.444016
      257,34156.1,0.018032,1.81173e-006,0.00327099,0.0158914,0.0184349,0.0180323
      258,34289.5,0.00295791,1.77723e-006,0.000537475,0.00267518,0.00311119,0.00295837
      259,34422.9,0.000385885,1.75775e-006,6.48137e-005,0.000276318,0.000337906,0.000387615
      260,34556.4,0.00231997,1.75303e-006,0.000409746,0.00161223,0.00185262,0.00232023
      261,34689.8,0.0104027,1.72665e-006,0.00185023,0.00778964,0.0089641,0.0104028
      262,34823.2,0.503991,1.21801e-006,0.0897181,0.382698,0.44028,0.50399
      263,34956.6,0.0218821,1.68508e-006,0.0038954,0.0164983,0.0189947,0.0218822
      264,35090.1,0.00386574,1.72172e-006,0.000689144,0.00276999,0.00321163,0.00386586
      265,35223.5,0.00074865,1.6773e-006,0.000136016,0.000298724,0.000392807,0.000748784
      266,35356.9,0.00140897,1.71107e-006,0.000243223,0.0016285,0.00177966,0.00140885
      267,35490.3,0.00788712,1.68557e-006,0.00137364,0.00788143,0.00874364,0.00788699
      268,35623.7,0.381795,1.0001e-006,0.0665274,0.372806,0.414794,0.381794
      269,35757.2,0.017234,1.64201e-006,0.00300465,0.0169893,0.0188732,0.0172338
      270,35890.6,0.00269587,1.68855e-006,0.000473098,0.0028422,0.0031195,0.00269567
      271,36024,0.000279354,1.67915e-006,4.7135e-005,0.000316325,0.000280571,0.0002777
      272,36157.4,0.00246739,1.69081e-006,0.000414011,0.00163829,0.00197248,0.0024671
      273,36290.9,0.0107643,1.69729e-006,0.00181845,0.00793509,0.0093383,0.0107641
      274,36424.3,0.482287,2.74759e-006,0.0815592,0.361756,0.424064,0.482288
      275,36557.7,0.0233376,1.70461e-006,0.00394585,0.0174059,0.0204357,0.0233375
      276,36691.1,0.00402447,1.67707e-006,0.000679937,0.00289438,0.00343504,0.00402419
      277,36824.5,0.000759235,1.70739e-006,0.000126241,0.000317725,0.000439806,0.000758254
      278,36958,0.00191031,1.67195e-006,0.000319241,0.00167293,0.00182437,0.00190982
      279,37091.4,0.00945213,1.69364e-006,0.00158738,0.00806636,0.00898724,0.00945185
      280,37224.8,0.416638,3.31423e-006,0.069992,0.354465,0.396195,0.416638
      281,37358.2,0.0211944,1.72921e-006,0.00356124,0.0179962,0.020099,0.0211941
      282,37491.7,0.00359961,1.655e-006,0.000606451,0.00298075,0.00331607,0.00359929
      283,37625.1,0.000658434,1.67131e-006,0.000113645,0.00033344,0.000359385,0.000657416
      284,37758.5,0.00175575,1.63315e-006,0.000285495,0.00169809,0.00193946,0.00175532
      285,37891.9,0.00867175,1.62999e-006,0.00141986,0.00818276,0.00928061,0.0086715
      286,38025.4,0.371145,2.49345e-006,0.0608004,0.347068,0.393348,0.371143
      287,38158.8,0.0197279,1.62732e-006,0.00323324,0.0185774,0.0210502,0.0197277
      288,38292.2,0.00306458,1.60649e-006,0.000504938,0.00306792,0.00346588,0.00306431
      289,38425.6,0.000240159,1.57738e-006,3.60386e-005,0.000357287,0.000386392,0.000238597
      290,38559,0.00267881,1.58459e-006,0.000423904,0.00170308,0.00198636,0.00267871
      291,38692.5,0.0116567,1.55204e-006,0.00185768,0.00822593,0.00950775,0.0116566
      292,38825.9,0.468768,6.6051e-007,0.074786,0.337235,0.389071,0.468769
      293,38959.3,0.0266349,1.49374e-006,0.00424854,0.0190096,0.0219545,0.0266349
      294,39092.7,0.00463028,1.55758e-006,0.000738335,0.00312203,0.00363659,0.00463024
      295,39226.2,0.000973102,1.52082e-006,0.000155369,0.000363289,0.000479049,0.000973112
      296,39359.6,0.00143637,1.55478e-006,0.00022748,0.00172706,0.00187097,0.00143652
      297,39493,0.0083038,1.53494e-006,0.00131658,0.0083172,0.00918497,0.00830393
      298,39626.4,0.337822,1.41184e-006,0.0535449,0.329613,0.365212,0.337823
      299,39759.8,0.0198882,1.49564e-006,0.00315397,0.0195535,0.0216374,0.0198884
      300,39893.3,0.0030962,1.53979e-006,0.000493777,0.00319487,0.00350222,0.00309639
      301,40026.7,0.000313026,1.54534e-006,5.35912e-005,0.000371956,0.000352825,0.00031451
      302,40160.1,0.00241055,1.54714e-006,0.000370812,0.00175823,0.00206973,0.00241084
      303,40293.5,0.0106273,1.5645e-006,0.00164272,0.00844466,0.0097611,0.0106275
      304,40427,0.402253,2.84599e-006,0.0622138,0.323733,0.373058,0.402252
      305,40560.4,0.0251571,1.59575e-006,0.00389138,0.0201996,0.0233004,0.0251572
      306,40693.8,0.00414294,1.53998e-006,0.000642019,0.00329031,0.00382123,0.00414321
      307,40827.2,0.000696261,1.57128e-006,0.000107516,0.000397204,0.000504611,0.000697398
      308,40960.6,0.00233057,1.53265e-006,0.000349862,0.00176533,0.00194596,0.00233101
      309,41094.1,0.0108273,1.55577e-006,0.00163941,0.00849815,0.00949526,0.0108276
      310,41227.5,0.39943,3.06914e-006,0.0605446,0.315622,0.353352,0.39943
      311,41360.9,0.0263059,1.60398e-006,0.00398718,0.0206939,0.0231592,0.0263061
      312,41494.3,0.00443797,1.51805e-006,0.000673173,0.00335511,0.00374909,0.00443827
      313,41627.8,0.000919071,1.52216e-006,0.000140481,0.000410888,0.000457544,0.000919849
      314,41761.2,0.00174925,1.49307e-006,0.000259685,0.00177739,0.00200775,0.00174971
      315,41894.6,0.00895641,1.48106e-006,0.00133629,0.00855097,0.00962896,0.00895667
      316,42028,0.327106,2.01632e-006,0.048821,0.30781,0.346582,0.327108
      317,42161.4,0.0223645,1.46339e-006,0.00333874,0.0211905,0.0238514,0.0223648
      318,42294.9,0.00340482,1.46706e-006,0.000509794,0.00341562,0.00383025,0.00340508
      319,42428.3,0.000206283,1.43227e-006,2.82805e-005,0.000415448,0.000441874,0.000207692
      320,42561.7,0.00272237,1.44912e-006,0.00039767,0.00180862,0.0021008,0.0027224
      321,42695.1,0.011825,1.4123e-006,0.00173568,0.00866893,0.00996781,0.011825
      322,42828.6,0.405245,2.08547e-007,0.059521,0.302498,0.347104,0.405244
      323,42962,0.0294685,1.33515e-006,0.00432818,0.0218565,0.0251052,0.0294685
      324,43095.4,0.00495884,1.42615e-006,0.000728796,0.00350959,0.0040661,0.0049588
      325,43228.8,0.00101093,1.40091e-006,0.00014951,0.000437106,0.000567567,0.00101065
      326,43362.2,0.00168507,1.43171e-006,0.000241485,0.0018226,0.00195541,0.00168469
      327,43495.7,0.00913649,1.42115e-006,0.00132143,0.00874398,0.00958301,0.00913623
      328,43629.1,0.315325,1.75058e-006,0.0456367,0.296154,0.325745,0.315324
      329,43762.5,0.0237835,1.39616e-006,0.00344292,0.0224421,0.024654,0.0237831
      330,43895.9,0.00370056,1.42395e-006,0.000537379,0.00358942,0.00390636,0.00370023
      331,44029.4,0.000568116,1.4414e-006,8.32237e-005,0.000458491,0.000438985,0.000566778
      332,44162.8,0.00252811,1.4338e-006,0.000356319,0.00182593,0.00214455,0.00252774
      333,44296.2,0.011105,1.46106e-006,0.00157272,0.00877273,0.010099,0.0111048
      334,44429.6,0.360915,2.87212e-006,0.0511465,0.288645,0.331236,0.360916
      335,44563,0.0287112,1.52108e-006,0.0040688,0.0229218,0.0263245,0.028711
      336,44696.5,0.00460182,1.43142e-006,0.000652531,0.00364459,0.00420713,0.00460153
      337,44829.9,0.000761262,1.45838e-006,0.000106502,0.000463792,0.000570249,0.000760216
      338,44963.3,0.00246487,1.41929e-006,0.000343044,0.00185064,0.00205647,0.00246453
      339,45096.7,0.011363,1.43957e-006,0.00159103,0.00886228,0.00994254,0.0113628
      340,45230.2,0.360316,2.78291e-006,0.0504879,0.283248,0.318143,0.360316
      341,45363.6,0.0301177,1.49379e-006,0.00422003,0.0235614,0.026466,0.0301176
      342,45497,0.00497838,1.40474e-006,0.000698028,0.00372829,0.00419656,0.00497821
      343,45630.4,0.00103562,1.3964e-006,0.000147008,0.00047884,0.000562047,0.00103522
      344,45763.8,0.00160754,1.37711e-006,0.000222007,0.00187226,0.00206197,0.00160728
      345,45897.3,0.0087833,1.35451e-006,0.0012159,0.00895637,0.00992022,0.00878317
      346,46030.7,0.279529,1.5477e-006,0.0386929,0.278288,0.308654,0.279527
      347,46164.1,0.0241213,1.31107e-006,0.00334034,0.0242365,0.0268609,0.0241211
      348,46297.5,0.0035114,1.3508e-006,0.000488679,0.00382101,0.00420591,0.00351131
      349,46431,3.76856e-005,1.3153e-006,1.61521e-006,0.000504825,0.000506371,3.69138e-005
      350,46564.4,0.00298673,1.3391e-006,0.000402455,0.00187308,0.00219417,0.00298678
      351,46697.8,0.0126448,1.30159e-006,0.00171275,0.00898189,0.0103424,0.0126448
      352,46831.2,0.374107,3.79894e-007,0.0507123,0.271629,0.311829,0.374107
      353,46964.6,0.0342957,1.20897e-006,0.00464875,0.0247494,0.028441,0.0342957
      354,47098.1,0.00562225,1.32072e-006,0.000762271,0.00388073,0.00449573,0.00562231
      355,47231.5,0.00115933,1.30924e-006,0.000157333,0.000515512,0.000656662,0.00115962
      356,47364.9,0.00182685,1.33439e-006,0.000243504,0.00188696,0.00203344,0.00182721
      357,47498.3,0.00981051,1.336e-006,0.00131627,0.0090342,0.00993827,0.00981075
      358,47631.8,0.293503,2.01465e-006,0.0393993,0.265932,0.293504,0.293504
      359,47765.2,0.0279055,1.3382e-006,0.00374638,0.0253369,0.027941,0.0279058
      360,47898.6,0.00432708,1.33365e-006,0.000581956,0.00395032,0.00433076,0.00432735
      361,48032,0.000719693,1.35846e-006,9.91245e-005,0.000524334,0.00053744,0.000720712
      362,48165.4,0.00233079,1.34281e-006,0.000308255,0.00191257,0.00219789,0.00233117
      363,48298.9,0.0105985,1.37738e-006,0.00140421,0.00913234,0.0103582,0.0105988
      364,48432.3,0.30251,2.83041e-006,0.0400824,0.261728,0.29628,0.30251
      365,48565.7,0.0300885,1.46794e-006,0.00398757,0.0260666,0.0295175,0.0300887
      366,48699.1,0.00459563,1.3433e-006,0.00061043,0.00404785,0.00459215,0.00459591
      367,48832.6,0.000677851,1.36167e-006,8.93113e-005,0.000549893,0.000637147,0.000679004
      368,48966,0.00281933,1.32456e-006,0.000363975,0.0019173,0.0021535,0.00281962
      369,49099.4,0.0123825,1.33772e-006,0.00161017,0.00917252,0.010324,0.0123826
      370,49232.8,0.34064,2.46223e-006,0.0443412,0.256246,0.288428,0.340638
      371,49366.2,0.0356372,1.38762e-006,0.00463851,0.0266611,0.0300176,0.0356372
      372,49499.7,0.00576919,1.3081e-006,0.000751001,0.00412033,0.00465346,0.00576933
      373,49633.1,0.00124693,1.28908e-006,0.000163157,0.000568336,0.000670733,0.00124723
      374,49766.5,0.00163651,1.27956e-006,0.000211449,0.00192047,0.00210462,0.00163672
      375,49899.9,0.00920197,1.24635e-006,0.00118898,0.00919315,0.0101619,0.00920206
      376,50033.4,0.257311,1.09537e-006,0.0332399,0.25045,0.277329,0.257312
      377,50166.8,0.0277439,1.16678e-006,0.00358503,0.0272069,0.0301053,0.027744
      378,50300.2,0.00400175,1.25285e-006,0.000518803,0.00417912,0.00459452,0.00400179
      379,50433.6,0.000169599,1.22187e-006,2.55866e-005,0.000574602,0.000581511,0.000168868
      380,50567,0.00292651,1.24974e-006,0.000370996,0.00194364,0.00226533,0.00292637
      381,50700.5,0.0124975,1.21626e-006,0.00159034,0.009275,0.0106317,0.0124974
      382,50833.9,0.325648,7.68782e-007,0.0414605,0.246384,0.281596,0.325649
      383,50967.3,0.0370964,1.11913e-006,0.00472314,0.0279372,0.0319579,0.0370964
      384,51100.7,0.00587624,1.23706e-006,0.000748702,0.00427091,0.00492164,0.0058761
      385,51234.2,0.00120612,1.2394e-006,0.000153865,0.000595075,0.000744973,0.00120563
      386,51367.6,0.00211069,1.25739e-006,0.000261546,0.00195586,0.00210476,0.00211023
      387,51501,0.010572,1.27262e-006,0.00132476,0.00933629,0.0102496,0.0105717
      388,51634.4,0.276241,2.20582e-006,0.0346579,0.242048,0.266555,0.276239
      389,51767.8,0.032675,1.31491e-006,0.00409916,0.028635,0.0315134,0.0326746
      390,51901.3,0.00500919,1.26321e-006,0.000628524,0.00435845,0.00477313,0.00500886
      391,52034.7,0.000949487,1.29007e-006,0.000119686,0.000620158,0.000646158,0.000948555
      392,52168.1,0.00235151,1.26825e-006,0.000292958,0.00195289,0.00223145,0.00235111
      393,52301.5,0.0107929,1.30621e-006,0.0013449,0.00934262,0.0105464,0.0107927
      394,52435,0.272912,2.72671e-006,0.0340011,0.236584,0.266635,0.272911
      395,52568.4,0.0335956,1.42475e-006,0.00418638,0.0291845,0.0328951,0.0335954
      396,52701.8,0.00496329,1.26948e-006,0.000619713,0.00441561,0.00497664,0.00496303
      397,52835.2,0.000630544,1.27659e-006,7.79669e-005,0.000629044,0.000706314,0.000629546
      398,52968.6,0.002926,1.24343e-006,0.000356838,0.00196756,0.00223477,0.00292585
      399,53102.1,0.0128002,1.24578e-006,0.00157092,0.00939273,0.0106355,0.0128002
      400,53235.5,0.31137,2.11493e-006,0.0382477,0.23229,0.262792,0.311371
      401,53368.9,0.0402582,1.27747e-006,0.0049449,0.0298695,0.0338095,0.0402583
      402,53502.3,0.00635987,1.22356e-006,0.000781316,0.00449389,0.00511443,0.00635984
      403,53635.8,0.00141324,1.19732e-006,0.000174655,0.000642552,0.000781398,0.0014132
      404,53769.2,0.00153711,1.19689e-006,0.000186397,0.00198613,0.00213805,0.00153713
      405,53902.6,0.00910794,1.15503e-006,0.00110872,0.00946698,0.0103602,0.00910796
      406,54036,0.227236,6.7308e-007,0.0276655,0.228744,0.251054,0.227235
      407,54169.4,0.0302181,1.03213e-006,0.00367967,0.0306515,0.0336131,0.0302181
      408,54302.9,0.00423729,1.17056e-006,0.000517207,0.00459122,0.00499734,0.00423737
      409,54436.3,0.000316079,1.14868e-006,3.92912e-005,0.000670024,0.000668177,0.000317103
      410,54569.7,0.00304647,1.17785e-006,0.000365092,0.00198379,0.00231387,0.00304663
      411,54703.1,0.0128041,1.15337e-006,0.00153929,0.00947941,0.0108384,0.0128042
      412,54836.6,0.296336,1.11656e-006,0.0356398,0.224008,0.255295,0.296335
      413,54970,0.0415072,1.07061e-006,0.00499206,0.0312645,0.0356555,0.0415071
      414,55103.4,0.00634784,1.17215e-006,0.00076374,0.00465722,0.00534072,0.00634796
      415,55236.8,0.00124019,1.18619e-006,0.000148552,0.000685598,0.000831579,0.00124066
      416,55370.2,0.00232756,1.19647e-006,0.000274542,0.00198747,0.00216842,0.00232794
      417,55503.7,0.0113822,1.2248e-006,0.00135404,0.00949548,0.0105145,0.0113825
      418,55637.1,0.263753,2.32687e-006,0.031407,0.21948,0.243557,0.263755
      419,55770.5,0.0383938,1.3172e-006,0.00457148,0.0318929,0.0353822,0.0383941
      420,55903.9,0.00582179,1.20785e-006,0.000693192,0.00472131,0.00522994,0.00582205
      421,56037.4,0.0011999,1.23148e-006,0.000144112,0.000694134,0.000762808,0.00120056
      422,56170.8,0.00207089,1.20558e-006,0.000246943,0.0020071,0.00224748,0.00207129
      423,56304.2,0.0101408,1.24219e-006,0.00120445,0.00956431,0.0106722,0.010141
      424,56437.6,0.231593,2.56777e-006,0.0274846,0.216226,0.241214,0.231594
      425,56571,0.0348778,1.38125e-006,0.00414072,0.0327061,0.0364793,0.0348781
      426,56704.5,0.00491326,1.20526e-006,0.000585647,0.00481787,0.00536171,0.00491351
      427,56837.9,0.000527032,1.20036e-006,6.42524e-005,0.000718641,0.000779193,0.000528076
      428,56971.3,0.00315027,1.17255e-006,0.000363577,0.00201081,0.00229823,0.00315039
      429,57104.7,0.0133287,1.16161e-006,0.00154909,0.00959559,0.0108739,0.0133287
      430,57238.2,0.288761,1.74946e-006,0.0335984,0.212374,0.240271,0.288759
      431,57371.6,0.045676,1.15825e-006,0.00531391,0.0334252,0.0378359,0.0456758
      432,57505,0.0069962,1.14835e-006,0.000813444,0.00489881,0.00557399,0.00699622
      433,57638.4,0.00153603,1.11961e-006,0.000178144,0.000741719,0.000891907,0.00153601
      434,57771.8,0.00167982,1.12705e-006,0.000195332,0.00200598,0.00216422,0.00167972
      435,57905.3,0.00975599,1.08045e-006,0.00113384,0.00958968,0.01052,0.00975592
      436,58038.7,0.217399,3.29332e-007,0.0252598,0.20789,0.228706,0.217399
      437,58172.1,0.0354161,9.14445e-007,0.00411548,0.0340308,0.0374134,0.035416
      438,58305.5,0.00495717,1.10269e-006,0.00057675,0.00495583,0.00541484,0.00495704
      439,58439,0.000614786,1.09301e-006,7.26861e-005,0.000750109,0.00076635,0.000613967
      440,58572.4,0.00290175,1.12107e-006,0.000334488,0.00202002,0.00234015,0.00290151
      441,58705.8,0.012419,1.1098e-006,0.00143331,0.00963459,0.0109669,0.0124189
      442,58839.2,0.2593,1.40984e-006,0.0299265,0.204533,0.232159,0.259301
      443,58972.6,0.0442381,1.06538e-006,0.00510643,0.0348152,0.0395382,0.0442382
      444,59106.1,0.00652201,1.12345e-006,0.000754151,0.00504128,0.00575078,0.00652184
      445,59239.5,0.0012775,1.14517e-006,0.000148036,0.000768064,0.000916073,0.00127688
      446,59372.9,0.00256942,1.14801e-006,0.000285972,0.00203097,0.0022229,0.00256901
      447,59506.3,0.0119285,1.18698e-006,0.00134621,0.00968326,0.0107296,0.0119282
      448,59639.8,0.247053,2.38133e-006,0.0279352,0.20141,0.223554,0.247052
      449,59773.2,0.0438236,1.33437e-006,0.00495418,0.0356406,0.0395542,0.0438233
      450,59906.6,0.00649377,1.16336e-006,0.000733055,0.00513523,0.00569662,0.00649352
      451,60040,0.0013794,1.17931e-006,0.000154955,0.000795676,0.000884842,0.00137884
      452,60173.4,0.00201744,1.15132e-006,0.00023078,0.00202374,0.00224868,0.00201708
      453,60306.9,0.0101879,1.18169e-006,0.00115821,0.00967501,0.0107444,0.0101878
      454,60440.3,0.210835,2.36102e-006,0.0239424,0.197335,0.219222,0.210834
      455,60573.7,0.0385868,1.32879e-006,0.00438306,0.0362868,0.0402986,0.0385866
      456,60707.1,0.00525242,1.14719e-006,0.000598169,0.00519631,0.00574897,0.00525224
      457,60840.6,0.000416182,1.13147e-006,4.84827e-005,0.000808926,0.000857407,0.000415481
      458,60974,0.00321206,1.10984e-006,0.000358747,0.00202784,0.00234229,0.00321207
      459,61107.4,0.0135632,1.08486e-006,0.00152176,0.00968769,0.0110378,0.0135633
      460,61240.8,0.265249,1.37469e-006,0.0297816,0.193742,0.2202,0.26525
      461,61374.2,0.0509107,1.02779e-006,0.00571596,0.0370109,0.0420909,0.0509109
      462,61507.7,0.00757792,1.08119e-006,0.000850881,0.00526633,0.00602688,0.00757799
      463,61641.1,0.00171826,1.05522e-006,0.000193074,0.000820534,0.00100032,0.00171844
      464,61774.5,0.00169755,1.06895e-006,0.000185926,0.00204241,0.00218445,0.00169782
      465,61907.9,0.00983083,1.02302e-006,0.00109144,0.00973941,0.0106439,0.00983097
      466,62041.4,0.198188,3.18226e-007,0.0220267,0.190994,0.209446,0.198188
      467,62174.8,0.0391764,8.27228e-007,0.00435386,0.0378973,0.0415342,0.0391766
      468,62308.2,0.00537427,1.04881e-006,0.000597138,0.0053641,0.00584635,0.00537446
      469,62441.6,0.000783121,1.0523e-006,8.58126e-005,0.00084744,0.000875113,0.000783919
      470,62575.1,0.00285682,1.07737e-006,0.000314978,0.00203905,0.00234525,0.00285706
      471,62708.5,0.0122438,1.08181e-006,0.00135318,0.00974504,0.0110234,0.0122439
      472,62841.9,0.232212,1.64547e-006,0.025668,0.187557,0.211642,0.232211
      473,62975.3,0.0478816,1.09923e-006,0.00529301,0.0386426,0.0436164,0.0478814
      474,63108.7,0.00676033,1.08837e-006,0.000747821,0.00543805,0.00615059,0.00676047
      475,63242.2,0.00118989,1.11264e-006,0.000130902,0.000867977,0.000998602,0.00119048
      476,63375.6,0.00280787,1.10888e-006,0.000305085,0.00203362,0.00226633,0.00280819
      477,63509,0.0127073,1.15441e-006,0.00139071,0.00973175,0.0108912,0.0127074
      478,63642.4,0.23763,2.3735e-006,0.0260348,0.183873,0.205858,0.237631
      479,63775.9,0.0509935,1.35549e-006,0.00558604,0.0393238,0.0440317,0.0509937
      480,63909.3,0.00740852,1.12599e-006,0.000810653,0.00549692,0.00616771,0.00740869
      481,64042.7,0.00168156,1.13125e-006,0.000183716,0.000877083,0.0010096,0.00168191
      482,64176.1,0.00173074,1.10293e-006,0.000194879,0.00204552,0.00223793,0.00173106
      483,64309.5,0.00962618,1.12264e-006,0.00106542,0.00976793,0.0107715,0.00962636
      484,64443,0.183394,2.11439e-006,0.0202523,0.181139,0.200059,0.183395
      485,64576.4,0.0404788,1.26051e-006,0.00447232,0.0402053,0.0443867,0.0404791
      486,64709.8,0.00528976,1.09292e-006,0.000587832,0.00558708,0.00614016,0.00528992
      487,64843.2,0.000343432,1.06937e-006,4.38029e-005,0.000898672,0.000942452,0.00034397
      488,64976.7,0.00326728,1.05424e-006,0.000348532,0.00204902,0.0023659,0.00326724
      489,65110.1,0.0135585,1.01651e-006,0.00145892,0.00979152,0.0111275,0.0135584
      490,65243.5,0.241005,9.99901e-007,0.0259689,0.178323,0.20211,0.241004
      491,65376.9,0.0557091,8.87494e-007,0.00600214,0.0410692,0.0465703,0.0557088
      492,65510.3,0.00797832,1.022e-006,0.000858991,0.00567529,0.00646828,0.00797824
      493,65643.8,0.00173803,1.00378e-006,0.000186179,0.000925016,0.00110502,0.00173782
      494,65777.2,0.00196356,1.02204e-006,0.000209946,0.00203884,0.00219934,0.00196325
      495,65910.6,0.0106503,9.82824e-007,0.0011449,0.00976895,0.0107328,0.0106501
      496,66044,0.194023,5.94375e-007,0.0208682,0.174834,0.19263,0.194022
      497,66177.5,0.0462904,7.87595e-007,0.00497812,0.0417671,0.0460004,0.0462902
      498,66310.9,0.00630815,1.00872e-006,0.000677309,0.00573336,0.00628991,0.00630793
      499,66444.3,0.00115278,1.02393e-006,0.000122521,0.000936805,0.000992779,0.00115209
      500,66577.7,0.00265401,1.04478e-006,0.000289404,0.00204273,0.00233095,0.00265369
      501,66711.1,0.0117255,1.06519e-006,0.00127295,0.00977758,0.0110154,0.0117254
      502,66844.6,0.204435,1.8225e-006,0.0221706,0.171924,0.193342,0.204436
      503,66978,0.0506414,1.16211e-006,0.00549347,0.0425952,0.0479082,0.0506415
      504,67111.4,0.00687352,1.06405e-006,0.000747892,0.00580879,0.00653994,0.00687334
      505,67244.8,0.00119663,1.08553e-006,0.000130622,0.000951707,0.00107984,0.00119596
      506,67378.3,0.00294639,1.07632e-006,0.000305669,0.00205129,0.00229676,0.00294609
      507,67511.7,0.0129275,1.12336e-006,0.00136277,0.00980967,0.0109956,0.0129273
      508,67645.1,0.22012,2.30845e-006,0.0232594,0.169501,0.189965,0.22012
      509,67778.5,0.0567324,1.37048e-006,0.0059935,0.043546,0.0488136,0.0567322
      510,67911.9,0.00798324,1.09251e-006,0.000842047,0.00590435,0.00663715,0.00798311
      511,68045.4,0.00180227,1.08589e-006,0.000188994,0.000979339,0.0011344,0.00180204
      512,68178.8,0.00168045,1.05867e-006,0.000180882,0.0020426,0.00221804,0.00168027
      513,68312.2,0.00971228,1.0644e-006,0.00103408,0.00979486,0.0107607,0.00971217
      514,68445.6,0.169994,1.83617e-006,0.018075,0.166445,0.183249,0.169993
      515,68579.1,0.0450501,1.17136e-006,0.00479079,0.0443283,0.0487818,0.0450497
      516,68712.5,0.00572569,1.04121e-006,0.000609868,0.00597188,0.00653678,0.00572563
      517,68845.9,0.000444194,1.0142e-006,4.82061e-005,0.000997337,0.00103539,0.000444433
      518,68979.3,0.0032715,1.00551e-006,0.000345132,0.00203716,0.00236868,0.00327164
      519,69112.7,0.0135704,9.58457e-007,0.00143516,0.00977703,0.0111451,0.0135705
      520,69246.2,0.221249,6.35798e-007,0.023409,0.163403,0.185672,0.22125
      521,69379.6,0.061265,7.44081e-007,0.00648185,0.0451031,0.0512729,0.0612653
      522,69513,0.00848557,9.71605e-007,0.000897453,0.0060338,0.00689413,0.00848569
      523,69646.4,0.00189052,9.64916e-007,0.000198267,0.00100808,0.0012048,0.00189081
      524,69779.9,0.00205393,9.85929e-007,0.000211049,0.00204552,0.00220869,0.00205431
      525,69913.3,0.0108187,9.58951e-007,0.00113289,0.00980111,0.0107859,0.010819
      526,70046.7,0.180381,8.82817e-007,0.0189202,0.161081,0.177754,0.180382
      527,70180.1,0.0515768,8.07491e-007,0.00540926,0.0460758,0.0508329,0.0515772
      528,70313.5,0.00686678,9.81876e-007,0.000719322,0.00612558,0.00674215,0.00686702
      529,70447,0.0013294,1.00521e-006,0.000137899,0.00103207,0.00111706,0.00133001
      530,70580.4,0.00245968,1.02123e-006,0.000257511,0.00204241,0.0022996,0.00245998
      531,70713.8,0.0112036,1.05556e-006,0.00117426,0.00980193,0.0109514,0.0112037
      532,70847.2,0.18082,1.94134e-006,0.0189456,0.158518,0.176954,0.180819
      533,70980.7,0.0535043,1.24116e-006,0.00560691,0.0469791,0.0524397,0.0535041
      534,71114.1,0.00691024,1.04745e-006,0.000725726,0.00620669,0.00691948,0.00691038
      535,71247.5,0.00101189,1.06142e-006,0.000107739,0.00105621,0.00116091,0.00101252
      536,71380.9,0.00315682,1.04803e-006,0.000324001,0.00203081,0.00231235,0.00315701
      537,71514.3,0.0135186,1.09119e-006,0.00139701,0.00977019,0.0110403,0.0135187
      538,71647.8,0.210858,2.19199e-006,0.0218189,0.155543,0.17551,0.210857
      539,71781.2,0.0649524,1.37068e-006,0.00671975,0.0477498,0.0538962,0.0649524
      540,71914.6,0.00888814,1.06039e-006,0.000917453,0.00626364,0.00709861,0.0088882
      541,72048,0.00209493,1.04263e-006,0.000213498,0.00106753,0.00125669,0.00209502
      542,72181.5,0.0014872,1.01756e-006,0.000162416,0.00203348,0.00219155,0.0014873
      543,72314.9,0.00942218,1.00762e-006,0.000997296,0.0097729,0.0107179,0.00942227
      544,72448.3,0.15328,1.53483e-006,0.0161695,0.153124,0.168407,0.153281
      545,72581.7,0.0485242,1.05814e-006,0.00512084,0.0486857,0.0535244,0.0485246
      546,72715.1,0.00598855,9.91864e-007,0.000635224,0.00634284,0.00693965,0.00598858
      547,72848.6,0.000577254,9.66608e-007,6.54261e-005,0.00108536,0.00113658,0.000576912
      548,72982,0.00315131,9.63923e-007,0.000321027,0.00203577,0.00235098,0.00315115
      549,73115.4,0.0130846,9.12902e-007,0.00134586,0.00978458,0.0110945,0.0130845
      550,73248.8,0.197172,3.03669e-007,0.0203091,0.150928,0.170647,0.197172
      551,73382.3,0.0650469,6.13797e-007,0.00669991,0.0496942,0.0562033,0.0650467
      552,73515.7,0.00861239,9.31332e-007,0.000887344,0.00643329,0.00730125,0.00861226
      553,73649.1,0.00181166,9.37963e-007,0.000186754,0.00111221,0.00129894,0.00181133
      554,73782.5,0.00237097,9.60111e-007,0.000238263,0.00202353,0.00221166,0.0023706
      555,73915.9,0.0116341,9.49226e-007,0.0011835,0.0097547,0.0108011,0.0116338
      556,74049.4,0.177311,1.13768e-006,0.0180687,0.148227,0.164426,0.17731
      557,74182.8,0.0605051,8.84042e-007,0.00616406,0.0505307,0.0560475,0.0605046
      558,74316.2,0.00791144,9.67113e-007,0.000803173,0.00649563,0.00719841,0.00791119
      559,74449.6,0.00171212,9.93475e-007,0.000169905,0.00112811,0.00124525,0.00171158
      560,74583.1,0.00223083,1.00459e-006,0.000236401,0.00201802,0.00225398,0.00223046
      561,74716.5,0.0106835,1.0489e-006,0.00111767,0.00973328,0.0108399,0.0106834
      562,74849.9,0.160936,2.00361e-006,0.0167939,0.145691,0.162239,0.160936
      563,74983.3,0.0566786,1.32359e-006,0.00591632,0.0514134,0.057246,0.0566787
      564,75116.7,0.00702553,1.03545e-006,0.000736303,0.00656082,0.00729056,0.00702536
      565,75250.2,0.00099048,1.03855e-006,0.000105029,0.00114099,0.00124319,0.000989856
      566,75383.6,0.00316206,1.02218e-006,0.000316247,0.00202182,0.00231156,0.00316192
      567,75517,0.0133731,1.05648e-006,0.00135739,0.00974269,0.0110236,0.013373
      568,75650.4,0.192799,2.03066e-006,0.0196136,0.143645,0.162225,0.192799
      569,75783.9,0.0706222,1.349e-006,0.00718371,0.05247,0.0592749,0.0706224
      570,75917.3,0.00929822,1.02783e-006,0.000944876,0.00665086,0.00754581,0.00929822
      571,76050.7,0.00215591,1.00152e-006,0.000218506,0.0011659,0.00137411,0.00215594
      572,76184.1,0.0015541,9.79338e-007,0.00015839,0.00201339,0.00216043,0.00155419
      573,76317.5,0.0096638,9.54005e-007,0.000983338,0.00972433,0.0106472,0.00966379
      574,76451,0.145258,1.21883e-006,0.014776,0.141312,0.155214,0.145257
      575,76584.4,0.0547479,9.19577e-007,0.005569,0.0534206,0.0586559,0.0547475
      576,76717.8,0.00661405,9.45673e-007,0.000672419,0.00672451,0.00734854,0.0066141
      577,76851.2,0.000894868,9.27449e-007,8.8007e-005,0.00118743,0.00124558,0.000895384
      578,76984.7,0.00308971,9.30123e-007,0.000313251,0.00200135,0.00231381,0.00308994
      579,77118.1,0.0128717,8.81636e-007,0.0013091,0.00968705,0.0109812,0.0128718
      580,77251.5,0.180279,1.78437e-007,0.0183437,0.13878,0.156867,0.180278
      581,77384.9,0.0706171,5.29405e-007,0.00718502,0.054286,0.0613732,0.0706172
      582,77518.3,0.00899202,9.02576e-007,0.00091397,0.00678182,0.00768757,0.00899216
      583,77651.8,0.0018936,9.21802e-007,0.000188932,0.00119918,0.0013873,0.00189397
      584,77785.2,0.00245307,9.43752e-007,0.000244586,0.00200169,0.0022069,0.00245344
      585,77918.6,0.0117658,9.50372e-007,0.00119142,0.00968146,0.0107758,0.0117661
      586,78052,0.165979,1.34888e-006,0.0168332,0.136709,0.152336,0.16598
      587,78185.5,0.0672656,1.00141e-006,0.00682122,0.0553286,0.0616553,0.0672662
      588,78318.9,0.00853218,9.62459e-007,0.000864038,0.00686227,0.0076529,0.00853242
      589,78452.3,0.00189219,9.86258e-007,0.000190525,0.00121908,0.00137441,0.00189262
      590,78585.7,0.00194044,9.9274e-007,0.000199759,0.00199808,0.00219715,0.00194075
      591,78719.1,0.0100244,1.04187e-006,0.00102376,0.0096736,0.0106896,0.0100245
      592,78852.6,0.141966,2.01203e-006,0.014474,0.134688,0.148997,0.141966
      593,78986,0.0592732,1.39815e-006,0.00604489,0.0563931,0.0623704,0.0592731
      594,79119.4,0.0069755,1.02516e-006,0.000714837,0.00694548,0.00765489,0.00697561
      595,79252.8,0.000782436,1.01581e-006,8.5788e-005,0.00124396,0.00132808,0.000782913
      596,79386.3,0.00330179,9.97498e-007,0.000325051,0.00198388,0.00229337,0.00330183
      597,79519.7,0.0136624,1.01892e-006,0.00135872,0.00963353,0.0109454,0.0136623
      598,79653.1,0.182603,1.83157e-006,0.0181962,0.13232,0.149921,0.182602
      599,79786.5,0.0792796,1.29999e-006,0.00789855,0.0573059,0.0649463,0.0792793
      600,79919.9,0.0100717,9.93912e-007,0.00100033,0.00700424,0.00797291,0.0100717
      601,80053.4,0.00237844,9.63153e-007,0.000231412,0.00125849,0.00148466,0.00237833
      602,80186.8,0.00152618,9.44333e-007,0.000160458,0.00197777,0.00212599,0.00152601
      603,80320.2,0.00968421,9.06097e-007,0.000992623,0.00960804,0.0105508,0.00968419
      604,80453.6,0.135728,8.96515e-007,0.013869,0.130172,0.143396,0.135729
      605,80587.1,0.0606875,7.56767e-007,0.00620203,0.0583067,0.0642163,0.0606878
      606,80720.5,0.00715932,9.04303e-007,0.000733252,0.00707178,0.00776188,0.00715926
      607,80853.9,0.00113883,8.97551e-007,0.000117731,0.00127348,0.00136109,0.00113838
      608,80987.3,0.002819,9.04793e-007,0.000282614,0.00197648,0.00225888,0.00281875
      609,81120.7,0.0120333,8.65359e-007,0.00121404,0.00960134,0.0108121,0.0120332
      610,81254.2,0.15808,4.18583e-007,0.0159586,0.128317,0.144204,0.15808
      611,81387.6,0.0732479,5.33941e-007,0.00739548,0.0594402,0.0668038,0.073248
      612,81521,0.00886349,8.86237e-007,0.000896681,0.00715687,0.00805214,0.00886337
      613,81654.4,0.00173493,9.14846e-007,0.000177028,0.00129782,0.00147025,0.00173453
      614,81787.9,0.00273988,9.35621e-007,0.000264197,0.00196427,0.00219278,0.00273952
      615,81921.3,0.0123851,9.58536e-007,0.0012172,0.0095681,0.0107069,0.0123849
      616,82054.7,0.161519,1.51269e-006,0.015921,0.126208,0.141243,0.161518
      617,82188.1,0.0774989,1.14055e-006,0.00763734,0.0604537,0.0676624,0.0774982
      618,82321.5,0.00954243,9.65283e-007,0.000936618,0.00722361,0.00809901,0.0095422
      619,82455,0.00222536,9.81419e-007,0.000213061,0.0013168,0.0015015,0.00222499
      620,82588.4,0.0017304,9.83743e-007,0.000181225,0.0019522,0.00213221,0.00173006
      621,82721.8,0.0096529,1.03206e-006,0.000985736,0.00952732,0.0105081,0.00965279
      622,82855.2,0.128945,1.97039e-006,0.0131156,0.124046,0.137057,0.128945
      623,82988.7,0.0637033,1.45545e-006,0.00648103,0.0614344,0.0678644,0.0637032
      624,83122.1,0.00721174,1.01413e-006,0.000736791,0.00728201,0.00801413,0.00721162
      625,83255.5,0.000818139,9.92695e-007,8.71225e-005,0.00132962,0.00141674,0.000817824
      626,83388.9,0.00317461,9.73273e-007,0.000313282,0.00194922,0.00225733,0.00317465
      627,83522.3,0.0131805,9.79306e-007,0.00131394,0.00951113,0.0108073,0.0131806
      628,83655.8,0.164861,1.60236e-006,0.016462,0.122219,0.138461,0.164862
      629,83789.2,0.0845604,1.21967e-006,0.00844341,0.0625791,0.0709108,0.0845609
      630,83922.6,0.0102787,9.58658e-007,0.00102566,0.00736055,0.00837473,0.0102788
      631,84056,0.00238211,9.28584e-007,0.000236785,0.00135036,0.0015868,0.00238232
      632,84189.5,0.00172834,9.13391e-007,0.00016804,0.00194063,0.00208875,0.00172864
      633,84322.9,0.0100311,8.66832e-007,0.000993795,0.00948604,0.0104294,0.0100312
      634,84456.3,0.130393,5.7593e-007,0.0129349,0.120354,0.132722,0.130392
      635,84589.7,0.0689711,5.74773e-007,0.00684136,0.063705,0.0702425,0.0689709
      636,84723.1,0.00794194,8.70041e-007,0.000786334,0.00743538,0.00817661,0.00794207
      637,84856.6,0.00147971,8.77448e-007,0.0001421,0.00137255,0.00148109,0.00148021
      638,84990,0.00269063,8.88412e-007,0.000264955,0.00192567,0.00218849,0.00269093
      639,85123.4,0.0116414,8.63241e-007,0.00115542,0.00943973,0.0105949,0.0116415
      640,85256.8,0.143835,6.81458e-007,0.0142867,0.11829,0.132561,0.143834
      641,85390.3,0.0786844,6.37317e-007,0.00781517,0.0647201,0.0725276,0.0786841
      642,85523.7,0.00910122,8.82266e-007,0.000902999,0.00749212,0.00839507,0.00910134
      643,85657.1,0.00172819,9.15163e-007,0.000167887,0.00138652,0.00154867,0.0017286
      644,85790.5,0.00276594,9.34135e-007,0.000272038,0.00191816,0.00216765,0.00276626
      645,85923.9,0.0123814,9.69893e-007,0.00122895,0.00940871,0.010592,0.0123816
      646,86057.4,0.151,1.62796e-006,0.0150059,0.116432,0.130964,0.151001
      647,86190.8,0.0855265,1.28505e-006,0.00849854,0.0658436,0.0740721,0.0855271
      648,86324.2,0.0101438,9.72604e-007,0.00100607,0.00756004,0.00852966,0.010144
      649,86457.6,0.00239871,9.77261e-007,0.000235719,0.00140307,0.0016236,0.00239894
      650,86591.1,0.00143983,9.75952e-007,0.000150848,0.00191181,0.00206205,0.00144004
      651,86724.5,0.00907776,1.01807e-006,0.000920322,0.00938585,0.010302,0.00907782
      652,86857.9,0.115072,1.88351e-006,0.0116215,0.114721,0.126267,0.115072
      653,86991.3,0.0671,1.48784e-006,0.00677864,0.0670505,0.0737855,0.0671002
      654,87124.7,0.00724254,1.00057e-006,0.000736612,0.00763749,0.00836948,0.00724259
      655,87258.2,0.000760352,9.69275e-007,8.51257e-005,0.00142553,0.00150982,0.000760346
      656,87391.6,0.00321165,9.49385e-007,0.000307484,0.00189737,0.00220367,0.00321154
      657,87525,0.0131138,9.39383e-007,0.00127615,0.00934212,0.0106125,0.0131137
      658,87658.4,0.153669,1.35113e-006,0.0149971,0.11283,0.127753,0.153668
      659,87791.9,0.0929263,1.10553e-006,0.00906793,0.0681505,0.0771748,0.0929257
      660,87925.3,0.0108139,9.23025e-007,0.00105206,0.00769853,0.00874713,0.0108138
      661,88058.7,0.00248837,8.9914e-007,0.000237231,0.00144242,0.00167948,0.00248813
      662,88192.1,0.00181596,8.87704e-007,0.000183208,0.00188514,0.00204848,0.00181565
      663,88325.6,0.0102529,8.38994e-007,0.00102395,0.00929841,0.010282,0.0102528
      664,88459,0.124681,2.65e-007,0.0124306,0.11097,0.122995,0.124682
      665,88592.4,0.0778342,3.8989e-007,0.00775955,0.0692638,0.0767673,0.0778343
      666,88725.8,0.00871696,8.4539e-007,0.000868313,0.00775773,0.00858821,0.00871683
      667,88859.2,0.00178116,8.67164e-007,0.000175575,0.00145653,0.00160296,0.00178074
      668,88992.7,0.00231828,8.81033e-007,0.000233764,0.00187817,0.0021054,0.00231797
      669,89126.1,0.0106284,8.72965e-007,0.00106902,0.00926994,0.0103379,0.0106283
      670,89259.5,0.124857,9.1524e-007,0.0125447,0.109316,0.12186,0.124858
      671,89392.9,0.0804637,8.05913e-007,0.00808567,0.0705046,0.0785894,0.0804642
      672,89526.4,0.00879887,8.89446e-007,0.000887462,0.00783101,0.0087174,0.00879877
      673,89659.8,0.00152309,9.20677e-007,0.000156163,0.00147669,0.00162376,0.00152265
      674,89793.2,0.00295934,9.37509e-007,0.000279625,0.00186587,0.00213006,0.00295907
      675,89926.6,0.0126632,9.81129e-007,0.00122545,0.00923091,0.0104295,0.0126631
      676,90060,0.144267,1.6952e-006,0.0140128,0.107601,0.121361,0.144267
      677,90193.5,0.0962618,1.42201e-006,0.00934902,0.0717062,0.080886,0.0962612
      678,90326.9,0.0109691,9.8146e-007,0.0010618,0.00789731,0.00893769,0.0109689
      679,90460.3,0.00262834,9.72594e-007,0.000249796,0.00149594,0.001738,0.00262817
      680,90593.7,0.00132564,9.68129e-007,0.000138304,0.00185089,0.00198918,0.00132548
      681,90727.2,0.00897799,9.99554e-007,0.000899925,0.00918106,0.0100763,0.00897793
      682,90860.6,0.107676,1.75712e-006,0.0107474,0.105807,0.116489,0.107676
      683,90994,0.0740398,1.48922e-006,0.0073905,0.072851,0.0801961,0.0740395
      684,91127.4,0.00773247,9.83468e-007,0.000774046,0.00795313,0.00872122,0.00773243
      685,91260.8,0.000998075,9.46151e-007,0.000102531,0.00151006,0.00160728,0.000998233
      686,91394.3,0.00297723,9.26274e-007,0.00029246,0.0018411,0.0021333,0.00297742
      687,91527.7,0.0123769,9.01699e-007,0.00122291,0.00914268,0.0103656,0.0123771
      688,91661.1,0.137188,1.08656e-006,0.0135705,0.104164,0.117732,0.137189
      689,91794.5,0.0976405,9.56443e-007,0.0096583,0.0740971,0.0837542,0.0976412
      690,91928,0.0108135,8.88891e-007,0.00106853,0.00801859,0.0090871,0.0108136
      691,92061.4,0.00243926,8.76235e-007,0.000238215,0.00152719,0.00176225,0.00243957
      692,92194.8,0.00204472,8.68605e-007,0.000195167,0.00183027,0.00200434,0.00204509
      693,92328.2,0.0105402,8.2453e-007,0.00103379,0.00910491,0.0101068,0.0105403
      694,92461.6,0.119645,4.43623e-008,0.0117596,0.102572,0.114051,0.119645
      695,92595.1,0.0879712,2.67031e-007,0.00864619,0.0753805,0.0838185,0.0879712
      696,92728.5,0.00952361,8.32502e-007,0.000934448,0.00808653,0.00899083,0.00952379
      697,92861.9,0.00207266,8.66109e-007,0.000200049,0.00154679,0.00172371,0.00207307
      698,92995.3,0.00213471,8.82158e-007,0.000206992,0.00181494,0.00201268,0.00213505
      699,93128.8,0.010156,8.91215e-007,0.000997627,0.00905464,0.0100495,0.0101561
      700,93262.2,0.113435,1.11158e-006,0.0111503,0.100892,0.112032,0.113435
      701,93395.6,0.086046,1.00487e-006,0.00845828,0.0765974,0.0850479,0.0860455
      702,93529,0.00894652,9.05508e-007,0.000879666,0.00814338,0.00902077,0.0089466
      703,93662.4,0.00145442,9.29391e-007,0.000142151,0.00156229,0.00169689,0.00145479
      704,93795.9,0.00291562,9.43936e-007,0.000283512,0.00180202,0.00207897,0.00291581
      705,93929.3,0.0124789,9.89746e-007,0.00122112,0.00900741,0.010219,0.012479
      706,94062.7,0.134122,1.71635e-006,0.0131419,0.0992712,0.112332,0.134123
      707,94196.1,0.10528,1.54121e-006,0.0103148,0.0778557,0.088107,0.10528
      708,94329.6,0.0114799,9.8923e-007,0.0011216,0.00820198,0.00931625,0.01148
      709,94463,0.00277821,9.66771e-007,0.000266816,0.00157744,0.00184233,0.00277824
      710,94596.4,0.0011723,9.5952e-007,0.00012513,0.00179086,0.00191548,0.00117222
      711,94729.8,0.00861732,9.77134e-007,0.000873002,0.00896597,0.00983444,0.00861732
      712,94863.2,0.0981985,1.59785e-006,0.00989621,0.0977447,0.107592,0.098199
      713,94996.7,0.079507,1.45492e-006,0.00801344,0.0791879,0.0871611,0.0795074
      714,95130.1,0.00796475,9.62699e-007,0.000807598,0.00826686,0.00906837,0.00796473
      715,95263.5,0.00114374,9.2438e-007,0.000121458,0.00159563,0.00170826,0.00114342
      716,95396.9,0.00289513,9.04895e-007,0.000274331,0.00177629,0.00204775,0.00289488
      717,95530.4,0.0119676,8.69313e-007,0.00115819,0.0089168,0.0100727,0.0119674
      718,95663.8,0.125523,8.18477e-007,0.0121881,0.0961809,0.108356,0.125522
      719,95797.2,0.105039,7.7264e-007,0.0101992,0.08049,0.0906776,0.105038
      720,95930.6,0.0110454,8.58916e-007,0.00107048,0.00832538,0.00939292,0.0110452
      721,96064,0.0024084,8.61137e-007,0.000230525,0.00161215,0.00183524,0.00240809
      722,96197.5,0.00215975,8.57322e-007,0.000211095,0.0017615,0.00195504,0.00215941
      723,96330.9,0.0108031,8.23972e-007,0.00105772,0.00886478,0.0099016,0.010803
      724,96464.3,0.115339,3.08601e-007,0.0112942,0.094619,0.105752,0.115339
      725,96597.7,0.0997703,3.43633e-007,0.00976869,0.0817913,0.09142,0.0997701
      726,96731.2,0.0104155,8.32564e-007,0.00101704,0.00838054,0.00937754,0.0104153
      727,96864.6,0.00239531,8.73119e-007,0.000229299,0.00162684,0.00184017,0.00239497
      728,96998,0.00172412,8.90752e-007,0.000177098,0.0017487,0.00191354,0.00172376
      729,97131.4,0.00916659,9.14365e-007,0.000925466,0.00881735,0.00973735,0.00916653
      730,97264.8,0.0985214,1.26737e-006,0.00991167,0.0931316,0.103015,0.098522
      731,97398.3,0.087903,1.21208e-006,0.00884413,0.0831561,0.0919753,0.0879036
      732,97531.7,0.00861511,9.27518e-007,0.000871125,0.00844017,0.00930706,0.00861505
      733,97665.1,0.00126422,9.39574e-007,0.000132107,0.00164325,0.00176935,0.00126386
      734,97798.5,0.00297479,9.51773e-007,0.000281188,0.00173442,0.00201383,0.00297464
      735,97932,0.0123573,9.94191e-007,0.0011957,0.00876707,0.00996142,0.0123572
      736,98065.4,0.125263,1.69459e-006,0.0121643,0.0916525,0.103808,0.125263
      737,98198.8,0.115554,1.63435e-006,0.0112218,0.0845287,0.0957424,0.115554
      738,98332.2,0.0119929,9.93893e-007,0.00116217,0.00849775,0.00965921,0.0119929
      739,98465.6,0.00286888,9.59689e-007,0.000275242,0.00165947,0.00193471,0.00286891
      740,98599.1,0.00123768,9.49898e-007,0.000125718,0.00171916,0.00184209,0.00123785
      741,98732.5,0.00879792,9.52352e-007,0.000869407,0.00871336,0.00957797,0.00879793
      742,98865.9,0.0946107,1.41326e-006,0.009325,0.0901713,0.0994572,0.0946101
      743,98999.3,0.0901507,1.38163e-006,0.00888497,0.0858985,0.0947459,0.0901501
      744,99132.8,0.00875177,9.39076e-007,0.000863101,0.00855178,0.00940845,0.00875181
      745,99266.2,0.00151889,9.05373e-007,0.000148759,0.00167432,0.00181113,0.00151922
      746,99399.6,0.00259377,8.86625e-007,0.000253074,0.00170482,0.00194917,0.00259409
      747,99533,0.0110889,8.45376e-007,0.00108955,0.00866127,0.00974077,0.0110891
      748,99666.4,0.111099,5.60564e-007,0.0109288,0.088733,0.0995923,0.111099
      749,99799.9,0.109272,5.55682e-007,0.010749,0.0873088,0.0979892,0.109273
      750,99933.3,0.0108729,8.36238e-007,0.00106764,0.00860732,0.00966418,0.0108731
      751,100067,0.00231561,8.54727e-007,0.000222403,0.00168975,0.00189914,0.00231598
